InvoiceNo,StockCode,Quantity,InvoiceDate,CustomerID,TotalPrice,DescriptionNormalized,InvoiceMonth
C541433,23166,-74215,2011-01-18 10:17:00,12346,-77183.6,MEDIUM CERAMIC TOP STORAGE JAR,2011-01-01 00:00:00
541431,23166,74215,2011-01-18 10:01:00,12346,77183.6,MEDIUM CERAMIC TOP STORAGE JAR,2011-01-01 00:00:00
562032,23297,16,2011-08-02 08:48:00,12347,26.4,SET 40 HEART SHAPE PETIT FOUR CASES,2011-08-01 00:00:00
573511,23084,48,2011-10-31 12:25:00,12347,85.92,RABBIT NIGHT LIGHT,2011-10-01 00:00:00
556201,85178,12,2011-06-09 13:01:00,12347,15.0,VICTORIAN SEWING KIT,2011-06-01 00:00:00
573511,22697,12,2011-10-31 12:25:00,12347,35.40000000000001,GREEN REGENCY TEACUP AND SAUCER,2011-10-01 00:00:00
542237,22417,24,2011-01-26 14:30:00,12347,13.2,PACK OF 60 SPACEBOY CAKE CASES,2011-01-01 00:00:00
573511,47567B,6,2011-10-31 12:25:00,12347,35.7,TEA TIME KITCHEN APRON,2011-10-01 00:00:00
573511,22725,8,2011-10-31 12:25:00,12347,30.0,ALARM CLOCK BAKELIKE CHOCOLATE,2011-10-01 00:00:00
562032,22992,12,2011-08-02 08:48:00,12347,23.4,REVOLVER WOODEN RULER,2011-08-01 00:00:00
542237,21154,10,2011-01-26 14:30:00,12347,12.5,RED RETROSPOT OVEN GLOVE,2011-01-01 00:00:00
573511,21791,12,2011-10-31 12:25:00,12347,15.0,VINTAGE HEADS AND TAILS CARD GAME,2011-10-01 00:00:00
549222,23177,8,2011-04-07 10:43:00,12347,18.0,TREASURE ISLAND BOOK BOX,2011-04-01 00:00:00
537626,22805,12,2010-12-07 14:57:00,12347,15.0,BLUE DRAWER KNOB ACRYLIC EDWARDIAN,2010-12-01 00:00:00
562032,22376,4,2011-08-02 08:48:00,12347,17.0,AIRLINE BAG VINTAGE JET SET WHITE,2011-08-01 00:00:00
542237,22726,4,2011-01-26 14:30:00,12347,15.0,ALARM CLOCK BAKELIKE GREEN,2011-01-01 00:00:00
556201,23162,8,2011-06-09 13:01:00,12347,30.0,REGENCY TEA STRAINER,2011-06-01 00:00:00
549222,16008,24,2011-04-07 10:43:00,12347,6.0,SMALL FOLDING SCISSOR(POINTED EDGE),2011-04-01 00:00:00
573511,23173,2,2011-10-31 12:25:00,12347,19.9,REGENCY TEAPOT ROSES,2011-10-01 00:00:00
537626,22728,4,2010-12-07 14:57:00,12347,15.0,ALARM CLOCK BAKELIKE PINK,2010-12-01 00:00:00
542237,84558A,12,2011-01-26 14:30:00,12347,35.40000000000001,3D DOG PICTURE PLAYING CARDS,2011-01-01 00:00:00
537626,85167B,30,2010-12-07 14:57:00,12347,37.5,BLACK GRAND BAROQUE PHOTO FRAME,2010-12-01 00:00:00
556201,51014C,12,2011-06-09 13:01:00,12347,10.2,"FEATHER PEN,COAL BLACK",2011-06-01 00:00:00
573511,21636,12,2011-10-31 12:25:00,12347,9.0,MADRAS NOTEBOOK MEDIUM,2011-10-01 00:00:00
573511,22417,24,2011-10-31 12:25:00,12347,13.2,PACK OF 60 SPACEBOY CAKE CASES,2011-10-01 00:00:00
573511,23480,12,2011-10-31 12:25:00,12347,45.0,MINI LIGHTS WOODLAND MUSHROOMS,2011-10-01 00:00:00
537626,22375,4,2010-12-07 14:57:00,12347,17.0,AIRLINE BAG VINTAGE JET SET BROWN,2010-12-01 00:00:00
549222,22374,4,2011-04-07 10:43:00,12347,17.0,AIRLINE BAG VINTAGE JET SET RED,2011-04-01 00:00:00
537626,84997C,6,2010-12-07 14:57:00,12347,22.5,CHILDRENS CUTLERY POLKADOT BLUE,2010-12-01 00:00:00
573511,23422,12,2011-10-31 12:25:00,12347,24.96,PANTRY HOOK BALLOON WHISK,2011-10-01 00:00:00
537626,20780,12,2010-12-07 14:57:00,12347,55.8,BLACK EAR MUFF HEADPHONES,2010-12-01 00:00:00
556201,22727,8,2011-06-09 13:01:00,12347,30.0,ALARM CLOCK BAKELIKE RED,2011-06-01 00:00:00
542237,47559B,10,2011-01-26 14:30:00,12347,12.5,TEA TIME OVEN GLOVE,2011-01-01 00:00:00
556201,22196,24,2011-06-09 13:01:00,12347,20.4,SMALL HEART MEASURING SPOONS,2011-06-01 00:00:00
549222,22375,4,2011-04-07 10:43:00,12347,17.0,AIRLINE BAG VINTAGE JET SET BROWN,2011-04-01 00:00:00
542237,21731,12,2011-01-26 14:30:00,12347,19.8,RED TOADSTOOL LED NIGHT LIGHT,2011-01-01 00:00:00
581180,23552,6,2011-12-07 15:52:00,12347,12.48,BICYCLE PUNCTURE REPAIR KIT,2011-12-01 00:00:00
562032,22727,8,2011-08-02 08:48:00,12347,30.0,ALARM CLOCK BAKELIKE RED,2011-08-01 00:00:00
542237,22375,4,2011-01-26 14:30:00,12347,17.0,AIRLINE BAG VINTAGE JET SET BROWN,2011-01-01 00:00:00
549222,22423,3,2011-04-07 10:43:00,12347,38.25,REGENCY CAKESTAND 3 TIER,2011-04-01 00:00:00
581180,23508,20,2011-12-07 15:52:00,12347,8.4,MINI PLAYING CARDS DOLLY GIRL,2011-12-01 00:00:00
562032,84992,24,2011-08-02 08:48:00,12347,13.2,72 SWEETHEART FAIRY CAKE CASES,2011-08-01 00:00:00
573511,23503,12,2011-10-31 12:25:00,12347,15.0,PLAYING CARDS KEEP CALM & CARRY ON,2011-10-01 00:00:00
537626,22771,12,2010-12-07 14:57:00,12347,15.0,CLEAR DRAWER KNOB ACRYLIC EDWARDIAN,2010-12-01 00:00:00
573511,23177,8,2011-10-31 12:25:00,12347,18.0,TREASURE ISLAND BOOK BOX,2011-10-01 00:00:00
549222,22196,12,2011-04-07 10:43:00,12347,10.2,SMALL HEART MEASURING SPOONS,2011-04-01 00:00:00
549222,20665,6,2011-04-07 10:43:00,12347,17.700000000000006,RED RETROSPOT PURSE,2011-04-01 00:00:00
537626,22497,4,2010-12-07 14:57:00,12347,17.0,SET OF 2 TINS VINTAGE BATHROOM,2010-12-01 00:00:00
556201,22371,8,2011-06-09 13:01:00,12347,34.0,AIRLINE BAG VINTAGE TOKYO 78,2011-06-01 00:00:00
549222,84559B,12,2011-04-07 10:43:00,12347,10.2,3D SHEET OF CAT STICKERS,2011-04-01 00:00:00
542237,20719,10,2011-01-26 14:30:00,12347,8.5,WOODLAND CHARLOTTE BAG,2011-01-01 00:00:00
573511,22423,6,2011-10-31 12:25:00,12347,76.5,REGENCY CAKESTAND 3 TIER,2011-10-01 00:00:00
537626,21171,12,2010-12-07 14:57:00,12347,17.4,BATHROOM METAL SIGN,2010-12-01 00:00:00
562032,84558A,36,2011-08-02 08:48:00,12347,106.2,3D DOG PICTURE PLAYING CARDS,2011-08-01 00:00:00
581180,21731,24,2011-12-07 15:52:00,12347,39.6,RED TOADSTOOL LED NIGHT LIGHT,2011-12-01 00:00:00
542237,22196,12,2011-01-26 14:30:00,12347,10.2,SMALL HEART MEASURING SPOONS,2011-01-01 00:00:00
573511,84991,24,2011-10-31 12:25:00,12347,13.2,60 TEATIME FAIRY CAKE CASES,2011-10-01 00:00:00
542237,20966,10,2011-01-26 14:30:00,12347,12.5,SANDWICH BATH SPONGE,2011-01-01 00:00:00
573511,47580,6,2011-10-31 12:25:00,12347,15.3,TEA TIME DES TEA COSY,2011-10-01 00:00:00
549222,23076,240,2011-04-07 10:43:00,12347,249.6,ICE CREAM SUNDAE LIP GLOSS,2011-04-01 00:00:00
562032,23175,4,2011-08-02 08:48:00,12347,13.0,REGENCY MILK JUG PINK,2011-08-01 00:00:00
581180,23506,20,2011-12-07 15:52:00,12347,8.4,MINI PLAYING CARDS SPACEBOY,2011-12-01 00:00:00
562032,22374,4,2011-08-02 08:48:00,12347,17.0,AIRLINE BAG VINTAGE JET SET RED,2011-08-01 00:00:00
549222,22195,12,2011-04-07 10:43:00,12347,19.8,LARGE HEART MEASURING SPOONS,2011-04-01 00:00:00
581180,23497,12,2011-12-07 15:52:00,12347,17.4,CLASSIC CHROME BICYCLE BELL,2011-12-01 00:00:00
537626,21064,6,2010-12-07 14:57:00,12347,35.7,BOOM BOX SPEAKER BOYS,2010-12-01 00:00:00
549222,21975,24,2011-04-07 10:43:00,12347,13.2,PACK OF 60 DINOSAUR CAKE CASES,2011-04-01 00:00:00
537626,22492,36,2010-12-07 14:57:00,12347,23.4,MINI PAINT SET VINTAGE,2010-12-01 00:00:00
542237,84969,6,2011-01-26 14:30:00,12347,25.5,BOX OF 6 ASSORTED COLOUR TEASPOONS,2011-01-01 00:00:00
537626,21731,12,2010-12-07 14:57:00,12347,19.8,RED TOADSTOOL LED NIGHT LIGHT,2010-12-01 00:00:00
549222,22432,6,2011-04-07 10:43:00,12347,11.7,WATERING CAN PINK BUNNY,2011-04-01 00:00:00
573511,22699,18,2011-10-31 12:25:00,12347,53.1,ROSES REGENCY TEACUP AND SAUCER,2011-10-01 00:00:00
537626,22773,12,2010-12-07 14:57:00,12347,15.0,GREEN DRAWER KNOB ACRYLIC EDWARDIAN,2010-12-01 00:00:00
573511,23308,24,2011-10-31 12:25:00,12347,13.2,SET OF 60 VINTAGE LEAF CAKE CASES,2011-10-01 00:00:00
537626,85232D,3,2010-12-07 14:57:00,12347,14.85,SET/3 DECOUPAGE STACKING TINS,2010-12-01 00:00:00
537626,22725,4,2010-12-07 14:57:00,12347,15.0,ALARM CLOCK BAKELIKE CHOCOLATE,2010-12-01 00:00:00
537626,22774,12,2010-12-07 14:57:00,12347,15.0,RED DRAWER KNOB ACRYLIC EDWARDIAN,2010-12-01 00:00:00
537626,20782,6,2010-12-07 14:57:00,12347,32.94,CAMOUFLAGE EAR MUFF HEADPHONES,2010-12-01 00:00:00
573511,22945,12,2011-10-31 12:25:00,12347,10.2,CHRISTMAS METAL TAGS ASSORTED,2011-10-01 00:00:00
556201,17021,36,2011-06-09 13:01:00,12347,10.8,NAMASTE SWAGAT INCENSE,2011-06-01 00:00:00
542237,84625A,24,2011-01-26 14:30:00,12347,20.4,PINK NEW BAROQUECANDLESTICK CANDLE,2011-01-01 00:00:00
549222,22497,4,2011-04-07 10:43:00,12347,17.0,SET OF 2 TINS VINTAGE BATHROOM,2011-04-01 00:00:00
549222,84559A,12,2011-04-07 10:43:00,12347,10.2,3D SHEET OF DOG STICKERS,2011-04-01 00:00:00
573511,22195,24,2011-10-31 12:25:00,12347,39.6,LARGE HEART MEASURING SPOONS,2011-10-01 00:00:00
542237,21976,24,2011-01-26 14:30:00,12347,13.2,PACK OF 60 MUSHROOM CAKE CASES,2011-01-01 00:00:00
537626,85116,12,2010-12-07 14:57:00,12347,25.200000000000006,BLACK CANDELABRA T-LIGHT HOLDER,2010-12-01 00:00:00
542237,84991,24,2011-01-26 14:30:00,12347,13.2,60 TEATIME FAIRY CAKE CASES,2011-01-01 00:00:00
556201,23084,12,2011-06-09 13:01:00,12347,24.96,RABBIT NIGHT LIGHT,2011-06-01 00:00:00
573511,22131,6,2011-10-31 12:25:00,12347,11.7,FOOD CONTAINER SET 3 LOVE HEART,2011-10-01 00:00:00
549222,21791,12,2011-04-07 10:43:00,12347,15.0,VINTAGE HEADS AND TAILS CARD GAME,2011-04-01 00:00:00
537626,84997D,6,2010-12-07 14:57:00,12347,22.5,CHILDRENS CUTLERY POLKADOT PINK,2010-12-01 00:00:00
542237,22725,4,2011-01-26 14:30:00,12347,15.0,ALARM CLOCK BAKELIKE CHOCOLATE,2011-01-01 00:00:00
556201,23174,4,2011-06-09 13:01:00,12347,16.6,REGENCY SUGAR BOWL GREEN,2011-06-01 00:00:00
542237,21041,6,2011-01-26 14:30:00,12347,17.700000000000006,RED RETROSPOT OVEN GLOVE DOUBLE,2011-01-01 00:00:00
573511,22726,8,2011-10-31 12:25:00,12347,30.0,ALARM CLOCK BAKELIKE GREEN,2011-10-01 00:00:00
562032,21975,24,2011-08-02 08:48:00,12347,13.2,PACK OF 60 DINOSAUR CAKE CASES,2011-08-01 00:00:00
537626,84997B,6,2010-12-07 14:57:00,12347,22.5,CHILDRENS CUTLERY RETROSPOT RED,2010-12-01 00:00:00
537626,22195,12,2010-12-07 14:57:00,12347,19.8,LARGE HEART MEASURING SPOONS,2010-12-01 00:00:00
549222,22699,6,2011-04-07 10:43:00,12347,17.700000000000006,ROSES REGENCY TEACUP AND SAUCER,2011-04-01 00:00:00
537626,22775,12,2010-12-07 14:57:00,12347,15.0,PURPLE DRAWERKNOB ACRYLIC EDWARDIAN,2010-12-01 00:00:00
562032,23147,12,2011-08-02 08:48:00,12347,17.4,SINGLE ANTIQUE ROSE HOOK IVORY,2011-08-01 00:00:00
542237,21035,6,2011-01-26 14:30:00,12347,17.700000000000006,SET/2 RED RETROSPOT TEA TOWELS,2011-01-01 00:00:00
573511,22561,12,2011-10-31 12:25:00,12347,19.8,WOODEN SCHOOL COLOURING SET,2011-10-01 00:00:00
573511,23421,12,2011-10-31 12:25:00,12347,24.96,PANTRY HOOK SPATULA,2011-10-01 00:00:00
562032,23316,12,2011-08-02 08:48:00,12347,97.8,RED REFECTORY CLOCK,2011-08-01 00:00:00
556201,23146,4,2011-06-09 13:01:00,12347,13.16,TRIPLE HOOK ANTIQUE IVORY ROSE,2011-06-01 00:00:00
537626,22729,4,2010-12-07 14:57:00,12347,15.0,ALARM CLOCK BAKELIKE ORANGE,2010-12-01 00:00:00
542237,22422,12,2011-01-26 14:30:00,12347,7.800000000000002,TOOTHPASTE TUBE PEN,2011-01-01 00:00:00
549222,22550,8,2011-04-07 10:43:00,12347,30.0,HOLIDAY FUN LUDO,2011-04-01 00:00:00
573511,23162,8,2011-10-31 12:25:00,12347,30.0,REGENCY TEA STRAINER,2011-10-01 00:00:00
562032,21791,24,2011-08-02 08:48:00,12347,30.0,VINTAGE HEADS AND TAILS CARD GAME,2011-08-01 00:00:00
556201,22725,4,2011-06-09 13:01:00,12347,15.0,ALARM CLOCK BAKELIKE CHOCOLATE,2011-06-01 00:00:00
542237,85116,6,2011-01-26 14:30:00,12347,12.6,BLACK CANDELABRA T-LIGHT HOLDER,2011-01-01 00:00:00
573511,22621,12,2011-10-31 12:25:00,12347,19.8,TRADITIONAL KNITTING NANCY,2011-10-01 00:00:00
537626,84558A,24,2010-12-07 14:57:00,12347,70.80000000000003,3D DOG PICTURE PLAYING CARDS,2010-12-01 00:00:00
562032,23146,4,2011-08-02 08:48:00,12347,13.16,TRIPLE HOOK ANTIQUE IVORY ROSE,2011-08-01 00:00:00
562032,20719,10,2011-08-02 08:48:00,12347,8.5,WOODLAND CHARLOTTE BAG,2011-08-01 00:00:00
573511,22698,12,2011-10-31 12:25:00,12347,35.40000000000001,PINK REGENCY TEACUP AND SAUCER,2011-10-01 00:00:00
573511,22196,24,2011-10-31 12:25:00,12347,20.4,SMALL HEART MEASURING SPOONS,2011-10-01 00:00:00
562032,22423,3,2011-08-02 08:48:00,12347,38.25,REGENCY CAKESTAND 3 TIER,2011-08-01 00:00:00
537626,22727,4,2010-12-07 14:57:00,12347,15.0,ALARM CLOCK BAKELIKE RED,2010-12-01 00:00:00
537626,71477,12,2010-12-07 14:57:00,12347,39.0,COLOUR GLASS. STAR T-LIGHT HOLDER,2010-12-01 00:00:00
573511,84558A,36,2011-10-31 12:25:00,12347,106.2,3D DOG PICTURE PLAYING CARDS,2011-10-01 00:00:00
556201,84558A,18,2011-06-09 13:01:00,12347,53.1,3D DOG PICTURE PLAYING CARDS,2011-06-01 00:00:00
573511,22492,36,2011-10-31 12:25:00,12347,23.4,MINI PAINT SET VINTAGE,2011-10-01 00:00:00
573511,22374,8,2011-10-31 12:25:00,12347,34.0,AIRLINE BAG VINTAGE JET SET RED,2011-10-01 00:00:00
573511,23146,8,2011-10-31 12:25:00,12347,26.32,TRIPLE HOOK ANTIQUE IVORY ROSE,2011-10-01 00:00:00
542237,22376,4,2011-01-26 14:30:00,12347,17.0,AIRLINE BAG VINTAGE JET SET WHITE,2011-01-01 00:00:00
581180,20719,10,2011-12-07 15:52:00,12347,8.5,WOODLAND CHARLOTTE BAG,2011-12-01 00:00:00
562032,21578,6,2011-08-02 08:48:00,12347,13.5,WOODLAND DESIGN  COTTON TOTE BAG,2011-08-01 00:00:00
573511,22372,4,2011-10-31 12:25:00,12347,17.0,AIRLINE BAG VINTAGE WORLD CHAMPION,2011-10-01 00:00:00
573511,23508,20,2011-10-31 12:25:00,12347,8.4,MINI PLAYING CARDS DOLLY GIRL,2011-10-01 00:00:00
562032,22371,8,2011-08-02 08:48:00,12347,34.0,AIRLINE BAG VINTAGE TOKYO 78,2011-08-01 00:00:00
537626,22726,4,2010-12-07 14:57:00,12347,15.0,ALARM CLOCK BAKELIKE GREEN,2010-12-01 00:00:00
573511,47559B,10,2011-10-31 12:25:00,12347,12.5,TEA TIME OVEN GLOVE,2011-10-01 00:00:00
542237,84992,24,2011-01-26 14:30:00,12347,13.2,72 SWEETHEART FAIRY CAKE CASES,2011-01-01 00:00:00
549222,22821,12,2011-04-07 10:43:00,12347,7.800000000000002,GIFT BAG PSYCHEDELIC APPLES,2011-04-01 00:00:00
542237,22727,4,2011-01-26 14:30:00,12347,15.0,ALARM CLOCK BAKELIKE RED,2011-01-01 00:00:00
573511,21976,24,2011-10-31 12:25:00,12347,13.2,PACK OF 60 MUSHROOM CAKE CASES,2011-10-01 00:00:00
573511,22727,12,2011-10-31 12:25:00,12347,45.0,ALARM CLOCK BAKELIKE RED,2011-10-01 00:00:00
581180,84625A,24,2011-12-07 15:52:00,12347,20.4,PINK NEW BAROQUECANDLESTICK CANDLE,2011-12-01 00:00:00
537626,84969,6,2010-12-07 14:57:00,12347,25.5,BOX OF 6 ASSORTED COLOUR TEASPOONS,2010-12-01 00:00:00
573511,22371,12,2011-10-31 12:25:00,12347,47.40000000000001,AIRLINE BAG VINTAGE TOKYO 78,2011-10-01 00:00:00
556201,22375,4,2011-06-09 13:01:00,12347,17.0,AIRLINE BAG VINTAGE JET SET BROWN,2011-06-01 00:00:00
542237,22423,3,2011-01-26 14:30:00,12347,38.25,REGENCY CAKESTAND 3 TIER,2011-01-01 00:00:00
581180,21265,12,2011-12-07 15:52:00,12347,23.4,PINK GOOSE FEATHER TREE 60CM,2011-12-01 00:00:00
542237,22497,4,2011-01-26 14:30:00,12347,17.0,SET OF 2 TINS VINTAGE BATHROOM,2011-01-01 00:00:00
542237,22729,4,2011-01-26 14:30:00,12347,15.0,ALARM CLOCK BAKELIKE ORANGE,2011-01-01 00:00:00
537626,22494,12,2010-12-07 14:57:00,12347,15.0,EMERGENCY FIRST AID TIN,2010-12-01 00:00:00
581180,23084,24,2011-12-07 15:52:00,12347,42.96,RABBIT NIGHT LIGHT,2011-12-01 00:00:00
542237,22728,4,2011-01-26 14:30:00,12347,15.0,ALARM CLOCK BAKELIKE PINK,2011-01-01 00:00:00
573511,23506,20,2011-10-31 12:25:00,12347,8.4,MINI PLAYING CARDS SPACEBOY,2011-10-01 00:00:00
549222,22371,4,2011-04-07 10:43:00,12347,17.0,AIRLINE BAG VINTAGE TOKYO 78,2011-04-01 00:00:00
573511,22728,8,2011-10-31 12:25:00,12347,30.0,ALARM CLOCK BAKELIKE PINK,2011-10-01 00:00:00
562032,84991,24,2011-08-02 08:48:00,12347,13.2,60 TEATIME FAIRY CAKE CASES,2011-08-01 00:00:00
573511,22252,12,2011-10-31 12:25:00,12347,15.0,BIRDCAGE DECORATION TEALIGHT HOLDER,2011-10-01 00:00:00
573511,84992,24,2011-10-31 12:25:00,12347,13.2,72 SWEETHEART FAIRY CAKE CASES,2011-10-01 00:00:00
537626,22212,6,2010-12-07 14:57:00,12347,12.6,FOUR HOOK  WHITE LOVEBIRDS,2010-12-01 00:00:00
573511,21265,12,2011-10-31 12:25:00,12347,23.4,PINK GOOSE FEATHER TREE 60CM,2011-10-01 00:00:00
549222,22492,36,2011-04-07 10:43:00,12347,23.4,MINI PAINT SET VINTAGE,2011-04-01 00:00:00
573511,22375,8,2011-10-31 12:25:00,12347,34.0,AIRLINE BAG VINTAGE JET SET BROWN,2011-10-01 00:00:00
549222,22774,12,2011-04-07 10:43:00,12347,15.0,RED DRAWER KNOB ACRYLIC EDWARDIAN,2011-04-01 00:00:00
556201,23173,2,2011-06-09 13:01:00,12347,19.9,REGENCY TEAPOT ROSES,2011-06-01 00:00:00
556201,23175,4,2011-06-09 13:01:00,12347,13.0,REGENCY MILK JUG PINK,2011-06-01 00:00:00
541998,21967,144,2011-01-25 10:42:00,12348,41.76,PACK OF 12 SKULL TISSUES,2011-01-01 00:00:00
539318,22951,72,2010-12-16 19:09:00,12348,39.6,60 CAKE CASES DOLLY GIRL DESIGN,2010-12-01 00:00:00
539318,84988,48,2010-12-16 19:09:00,12348,69.6,SET OF 72 PINK HEART PAPER DOILIES,2010-12-01 00:00:00
541998,21985,144,2011-01-25 10:42:00,12348,41.76,PACK OF 12 HEARTS DESIGN TISSUES,2011-01-01 00:00:00
539318,22952,24,2010-12-16 19:09:00,12348,13.2,60 CAKE CASES VINTAGE CHRISTMAS,2010-12-01 00:00:00
548955,23076,72,2011-04-05 10:47:00,12348,90.0,ICE CREAM SUNDAE LIP GLOSS,2011-04-01 00:00:00
539318,21725,48,2010-12-16 19:09:00,12348,40.8,SWEETIES  STICKERS,2010-12-01 00:00:00
548955,22437,20,2011-04-05 10:47:00,12348,17.0,SET OF 9 BLACK SKULL BALLOONS,2011-04-01 00:00:00
539318,22616,72,2010-12-16 19:09:00,12348,20.88,PACK OF 12 LONDON TISSUES,2010-12-01 00:00:00
539318,84991,24,2010-12-16 19:09:00,12348,13.2,60 TEATIME FAIRY CAKE CASES,2010-12-01 00:00:00
539318,84991,120,2010-12-16 19:09:00,12348,50.4,60 TEATIME FAIRY CAKE CASES,2010-12-01 00:00:00
539318,21982,144,2010-12-16 19:09:00,12348,41.76,PACK OF 12 SUKI TISSUES,2010-12-01 00:00:00
568172,23078,96,2011-09-25 13:13:00,12348,120.0,ICE CREAM PEN LIP GLOSS,2011-09-01 00:00:00
539318,21211,72,2010-12-16 19:09:00,12348,104.4,SET OF 72 SKULL PAPER  DOILIES,2010-12-01 00:00:00
548955,23077,80,2011-04-05 10:47:00,12348,100.0,DOUGHNUT LIP GLOSS,2011-04-01 00:00:00
539318,21977,24,2010-12-16 19:09:00,12348,13.2,PACK OF 60 PINK PAISLEY CAKE CASES,2010-12-01 00:00:00
539318,21981,144,2010-12-16 19:09:00,12348,41.76,PACK OF 12 WOODLAND TISSUES,2010-12-01 00:00:00
541998,21980,144,2011-01-25 10:42:00,12348,41.76,PACK OF 12 RED RETROSPOT TISSUES,2011-01-01 00:00:00
541998,21983,144,2011-01-25 10:42:00,12348,41.76,PACK OF 12 BLUE PAISLEY TISSUES,2011-01-01 00:00:00
539318,21213,24,2010-12-16 19:09:00,12348,13.2,PACK OF 72 SKULL CAKE CASES,2010-12-01 00:00:00
539318,21977,120,2010-12-16 19:09:00,12348,50.4,PACK OF 60 PINK PAISLEY CAKE CASES,2010-12-01 00:00:00
539318,22952,120,2010-12-16 19:09:00,12348,50.4,60 CAKE CASES VINTAGE CHRISTMAS,2010-12-01 00:00:00
568172,23077,120,2011-09-25 13:13:00,12348,150.0,DOUGHNUT LIP GLOSS,2011-09-01 00:00:00
539318,84992,72,2010-12-16 19:09:00,12348,39.6,72 SWEETHEART FAIRY CAKE CASES,2010-12-01 00:00:00
539318,21213,120,2010-12-16 19:09:00,12348,50.4,PACK OF 72 SKULL CAKE CASES,2010-12-01 00:00:00
548955,23078,96,2011-04-05 10:47:00,12348,120.0,ICE CREAM PEN LIP GLOSS,2011-04-01 00:00:00
577609,22567,12,2011-11-21 09:51:00,12349,17.4,20 DOLLY PEGS RETROSPOT,2011-11-01 00:00:00
577609,23439,12,2011-11-21 09:51:00,12349,25.200000000000006,HAND WARMER RED LOVE HEART,2011-11-01 00:00:00
577609,21411,3,2011-11-21 09:51:00,12349,12.75,GINGHAM HEART  DOORSTOP RED,2011-11-01 00:00:00
577609,23273,12,2011-11-21 09:51:00,12349,19.8,HEART T-LIGHT HOLDER WILLIE WINKIE,2011-11-01 00:00:00
577609,21563,6,2011-11-21 09:51:00,12349,17.700000000000006,RED HEART SHAPE LOVE BUCKET,2011-11-01 00:00:00
577609,21232,36,2011-11-21 09:51:00,12349,45.0,STRAWBERRY CERAMIC TRINKET BOX,2011-11-01 00:00:00
577609,23240,6,2011-11-21 09:51:00,12349,24.9,SET OF 4 KNICK KNACK TINS DOILY,2011-11-01 00:00:00
577609,22960,6,2011-11-21 09:51:00,12349,25.5,JAM MAKING SET WITH JARS,2011-11-01 00:00:00
577609,22555,12,2011-11-21 09:51:00,12349,19.8,PLASTERS IN TIN STRONGMAN,2011-11-01 00:00:00
577609,20914,6,2011-11-21 09:51:00,12349,17.700000000000006,SET/5 RED RETROSPOT LID GLASS BOWLS,2011-11-01 00:00:00
577609,21086,12,2011-11-21 09:51:00,12349,7.800000000000002,SET/6 RED SPOTTY PAPER CUPS,2011-11-01 00:00:00
577609,21531,6,2011-11-21 09:51:00,12349,15.3,RED RETROSPOT SUGAR JAM BOWL,2011-11-01 00:00:00
577609,85014A,3,2011-11-21 09:51:00,12349,17.85,BLACK/BLUE POLKADOT UMBRELLA,2011-11-01 00:00:00
577609,23253,4,2011-11-21 09:51:00,12349,63.8,16 PIECE CUTLERY SET PANTRY DESIGN,2011-11-01 00:00:00
577609,21787,24,2011-11-21 09:51:00,12349,20.4,RAIN PONCHO RETROSPOT,2011-11-01 00:00:00
577609,23545,25,2011-11-21 09:51:00,12349,10.5,WRAP RED VINTAGE DOILY,2011-11-01 00:00:00
577609,22064,12,2011-11-21 09:51:00,12349,19.8,PINK DOUGHNUT TRINKET POT,2011-11-01 00:00:00
577609,21231,36,2011-11-21 09:51:00,12349,45.0,SWEETHEART CERAMIC TRINKET BOX,2011-11-01 00:00:00
577609,20685,6,2011-11-21 09:51:00,12349,49.5,DOORMAT RED RETROSPOT,2011-11-01 00:00:00
577609,23294,8,2011-11-21 09:51:00,12349,6.64,SET OF 6 SNACK LOAF BAKING CASES,2011-11-01 00:00:00
577609,21535,6,2011-11-21 09:51:00,12349,15.3,RED RETROSPOT SMALL MILK JUG,2011-11-01 00:00:00
577609,22131,6,2011-11-21 09:51:00,12349,11.7,FOOD CONTAINER SET 3 LOVE HEART,2011-11-01 00:00:00
577609,23198,12,2011-11-21 09:51:00,12349,17.4,PANTRY MAGNETIC  SHOPPING LIST,2011-11-01 00:00:00
577609,22554,12,2011-11-21 09:51:00,12349,19.8,PLASTERS IN TIN WOODLAND ANIMALS,2011-11-01 00:00:00
577609,23460,2,2011-11-21 09:51:00,12349,19.9,SWEETHEART WALL TIDY,2011-11-01 00:00:00
577609,23296,8,2011-11-21 09:51:00,12349,10.0,SET OF 6 TEA TIME BAKING CASES,2011-11-01 00:00:00
577609,22832,2,2011-11-21 09:51:00,12349,21.5,BROCANTE SHELF WITH HOOKS,2011-11-01 00:00:00
577609,23113,3,2011-11-21 09:51:00,12349,14.85,PANTRY CHOPPING BOARD,2011-11-01 00:00:00
577609,22720,3,2011-11-21 09:51:00,12349,14.85,SET OF 3 CAKE TINS PANTRY DESIGN,2011-11-01 00:00:00
577609,23293,8,2011-11-21 09:51:00,12349,6.64,SET OF 12 FAIRY CAKE BAKING CASES,2011-11-01 00:00:00
577609,48184,6,2011-11-21 09:51:00,12349,49.5,DOORMAT ENGLISH ROSE,2011-11-01 00:00:00
577609,22195,12,2011-11-21 09:51:00,12349,19.8,LARGE HEART MEASURING SPOONS,2011-11-01 00:00:00
577609,22666,6,2011-11-21 09:51:00,12349,17.700000000000006,RECIPE BOX PANTRY YELLOW DESIGN,2011-11-01 00:00:00
577609,23283,2,2011-11-21 09:51:00,12349,16.5,DOORMAT VINTAGE LEAF,2011-11-01 00:00:00
577609,22704,25,2011-11-21 09:51:00,12349,10.5,WRAP RED APPLES,2011-11-01 00:00:00
577609,85014B,3,2011-11-21 09:51:00,12349,17.85,RED RETROSPOT UMBRELLA,2011-11-01 00:00:00
577609,23263,12,2011-11-21 09:51:00,12349,15.0,SET OF 3 WOODEN HEART DECORATIONS,2011-11-01 00:00:00
577609,37500,12,2011-11-21 09:51:00,12349,59.40000000000001,TEA TIME TEAPOT IN GIFT BOX,2011-11-01 00:00:00
577609,23112,2,2011-11-21 09:51:00,12349,15.0,PARISIENNE CURIO CABINET,2011-11-01 00:00:00
577609,21564,6,2011-11-21 09:51:00,12349,17.700000000000006,PINK  HEART SHAPE LOVE BUCKET,2011-11-01 00:00:00
577609,23295,8,2011-11-21 09:51:00,12349,6.64,SET OF 12 MINI LOAF BAKING CASES,2011-11-01 00:00:00
577609,23236,6,2011-11-21 09:51:00,12349,17.34,STORAGE TIN VINTAGE DOILY,2011-11-01 00:00:00
577609,23514,6,2011-11-21 09:51:00,12349,12.48,EMBROIDERED RIBBON REEL SALLY,2011-11-01 00:00:00
577609,22059,12,2011-11-21 09:51:00,12349,17.88,CERAMIC STRAWBERRY DESIGN MUG,2011-11-01 00:00:00
577609,23494,3,2011-11-21 09:51:00,12349,17.85,VINTAGE DOILY DELUXE SEWING KIT,2011-11-01 00:00:00
577609,23493,10,2011-11-21 09:51:00,12349,19.5,VINTAGE DOILY TRAVEL SEWING KIT,2011-11-01 00:00:00
577609,22071,6,2011-11-21 09:51:00,12349,22.5,SMALL WHITE RETROSPOT MUG IN BOX,2011-11-01 00:00:00
577609,21136,16,2011-11-21 09:51:00,12349,27.04,PAINTED METAL PEARS ASSORTED,2011-11-01 00:00:00
577609,22692,4,2011-11-21 09:51:00,12349,33.0,DOORMAT WELCOME TO OUR HOME,2011-11-01 00:00:00
577609,21533,3,2011-11-21 09:51:00,12349,14.85,RETROSPOT LARGE MILK JUG,2011-11-01 00:00:00
577609,48194,2,2011-11-21 09:51:00,12349,16.5,DOORMAT HEARTS,2011-11-01 00:00:00
577609,22556,12,2011-11-21 09:51:00,12349,19.8,PLASTERS IN TIN CIRCUS PARADE,2011-11-01 00:00:00
577609,22326,6,2011-11-21 09:51:00,12349,17.700000000000006,ROUND SNACK BOXES SET OF4 WOODLAND,2011-11-01 00:00:00
577609,22070,6,2011-11-21 09:51:00,12349,22.5,SMALL RED RETROSPOT MUG IN BOX,2011-11-01 00:00:00
577609,23108,2,2011-11-21 09:51:00,12349,12.5,SET OF 10 LED DOLLY LIGHTS,2011-11-01 00:00:00
577609,22430,4,2011-11-21 09:51:00,12349,19.8,ENAMEL WATERING CAN CREAM,2011-11-01 00:00:00
577609,22441,8,2011-11-21 09:51:00,12349,16.8,GROW YOUR OWN BASIL IN ENAMEL MUG,2011-11-01 00:00:00
577609,47504H,12,2011-11-21 09:51:00,12349,9.48,ENGLISH ROSE SPIRIT LEVEL,2011-11-01 00:00:00
577609,22601,12,2011-11-21 09:51:00,12349,10.2,CHRISTMAS RETROSPOT ANGEL WOOD,2011-11-01 00:00:00
577609,85053,6,2011-11-21 09:51:00,12349,12.6,FRENCH ENAMEL CANDLEHOLDER,2011-11-01 00:00:00
577609,23497,12,2011-11-21 09:51:00,12349,17.4,CLASSIC CHROME BICYCLE BELL,2011-11-01 00:00:00
577609,22553,12,2011-11-21 09:51:00,12349,19.8,PLASTERS IN TIN SKULLS,2011-11-01 00:00:00
577609,84978,12,2011-11-21 09:51:00,12349,15.0,HANGING HEART JAR T-LIGHT HOLDER,2011-11-01 00:00:00
577609,22557,12,2011-11-21 09:51:00,12349,19.8,PLASTERS IN TIN VINTAGE PAISLEY,2011-11-01 00:00:00
543037,22348,24,2011-02-02 16:01:00,12350,20.4,TEA BAG PLATE RED RETROSPOT,2011-02-01 00:00:00
543037,21171,12,2011-02-02 16:01:00,12350,17.4,BATHROOM METAL SIGN,2011-02-01 00:00:00
543037,21832,12,2011-02-02 16:01:00,12350,19.8,CHOCOLATE CALCULATOR,2011-02-01 00:00:00
543037,79191C,12,2011-02-02 16:01:00,12350,10.2,RETRO PLASTIC ELEPHANT TRAY,2011-02-01 00:00:00
543037,20615,12,2011-02-02 16:01:00,12350,25.200000000000006,BLUE POLKADOT PASSPORT COVER,2011-02-01 00:00:00
543037,22557,12,2011-02-02 16:01:00,12350,19.8,PLASTERS IN TIN VINTAGE PAISLEY,2011-02-01 00:00:00
543037,22620,12,2011-02-02 16:01:00,12350,15.0,4 TRADITIONAL SPINNING TOPS,2011-02-01 00:00:00
543037,21864,12,2011-02-02 16:01:00,12350,25.200000000000006,UNION JACK FLAG PASSPORT COVER,2011-02-01 00:00:00
543037,22551,12,2011-02-02 16:01:00,12350,19.8,PLASTERS IN TIN SPACEBOY,2011-02-01 00:00:00
543037,21908,12,2011-02-02 16:01:00,12350,25.200000000000006,CHOCOLATE THIS WAY METAL SIGN,2011-02-01 00:00:00
543037,20652,12,2011-02-02 16:01:00,12350,15.0,BLUE POLKADOT LUGGAGE TAG,2011-02-01 00:00:00
543037,84086C,6,2011-02-02 16:01:00,12350,17.700000000000006,PINK/PURPLE RETRO RADIO,2011-02-01 00:00:00
543037,22412,12,2011-02-02 16:01:00,12350,25.200000000000006,METAL SIGN NEIGHBOURHOOD WITCH,2011-02-01 00:00:00
543037,21866,12,2011-02-02 16:01:00,12350,15.0,UNION JACK FLAG LUGGAGE TAG,2011-02-01 00:00:00
543037,79066K,10,2011-02-02 16:01:00,12350,8.5,RETRO MOD TRAY,2011-02-01 00:00:00
574275,22978,6,2011-11-03 14:37:00,12352,22.5,PANTRY ROLLING PIN,2011-11-01 00:00:00
568699,22779,4,2011-09-28 14:58:00,12352,17.0,WOODEN OWLS LIGHT GARLAND,2011-09-01 00:00:00
567505,22993,12,2011-09-20 14:34:00,12352,15.0,SET OF 4 PANTRY JELLY MOULDS,2011-09-01 00:00:00
544156,22853,6,2011-02-16 12:33:00,12352,19.5,CAT BOWL VINTAGE CREAM,2011-02-01 00:00:00
545323,84050,12,2011-03-01 14:57:00,12352,19.8,PINK HEART SHAPE EGG FRYING PAN,2011-03-01 00:00:00
546869,22784,3,2011-03-17 16:00:00,12352,14.85,LANTERN CREAM GAZEBO,2011-03-01 00:00:00
C547388,21914,-12,2011-03-22 16:07:00,12352,-15.0,BLUE HARMONICA IN BOX,2011-03-01 00:00:00
545323,22138,3,2011-03-01 14:57:00,12352,14.85,BAKING SET 9 PIECE RETROSPOT,2011-03-01 00:00:00
545323,22844,4,2011-03-01 14:57:00,12352,34.0,VINTAGE CREAM DOG FOOD CONTAINER,2011-03-01 00:00:00
544156,22646,12,2011-02-16 12:33:00,12352,17.4,CERAMIC STRAWBERRY CAKE MONEY BANK,2011-02-01 00:00:00
544156,22120,3,2011-02-16 12:33:00,12352,29.85,WELCOME  WOODEN BLOCK LETTERS,2011-02-01 00:00:00
567505,22779,4,2011-09-20 14:34:00,12352,17.0,WOODEN OWLS LIGHT GARLAND,2011-09-01 00:00:00
574275,22635,2,2011-11-03 14:37:00,12352,19.9,CHILDS BREAKFAST SET DOLLY GIRL,2011-11-01 00:00:00
567505,22979,12,2011-09-20 14:34:00,12352,17.4,PANTRY WASHING UP BRUSH,2011-09-01 00:00:00
567505,22624,2,2011-09-20 14:34:00,12352,17.0,IVORY KITCHEN SCALES,2011-09-01 00:00:00
C547388,22784,-3,2011-03-22 16:07:00,12352,-14.85,LANTERN CREAM GAZEBO,2011-03-01 00:00:00
574275,23367,16,2011-11-03 14:37:00,12352,10.4,SET 12 COLOUR PENCILS SPACEBOY,2011-11-01 00:00:00
568699,22722,4,2011-09-28 14:58:00,12352,15.8,SET OF 6 SPICE TINS PANTRY DESIGN,2011-09-01 00:00:00
546869,37448,12,2011-03-17 16:00:00,12352,17.88,CERAMIC CAKE DESIGN SPOTTED MUG,2011-03-01 00:00:00
568699,22635,2,2011-09-28 14:58:00,12352,19.9,CHILDS BREAKFAST SET DOLLY GIRL,2011-09-01 00:00:00
567505,23298,3,2011-09-20 14:34:00,12352,14.85,SPOTTY BUNTING,2011-09-01 00:00:00
568699,21770,2,2011-09-28 14:58:00,12352,9.9,OPEN CLOSED METAL SIGN,2011-09-01 00:00:00
567505,22720,3,2011-09-20 14:34:00,12352,14.85,SET OF 3 CAKE TINS PANTRY DESIGN,2011-09-01 00:00:00
C547388,84050,-12,2011-03-22 16:07:00,12352,-19.8,PINK HEART SHAPE EGG FRYING PAN,2011-03-01 00:00:00
544156,21755,3,2011-02-16 12:33:00,12352,17.85,LOVE BUILDING BLOCK WORD,2011-02-01 00:00:00
544156,21700,12,2011-02-16 12:33:00,12352,10.2,BIG DOUGHNUT FRIDGE MAGNETS,2011-02-01 00:00:00
574275,22982,12,2011-11-03 14:37:00,12352,15.0,PANTRY PASTRY BRUSH,2011-11-01 00:00:00
567505,23198,12,2011-09-20 14:34:00,12352,17.4,PANTRY MAGNETIC  SHOPPING LIST,2011-09-01 00:00:00
544156,22654,3,2011-02-16 12:33:00,12352,17.85,DELUXE SEWING KIT,2011-02-01 00:00:00
574275,23096,12,2011-11-03 14:37:00,12352,19.8,PETIT TRAY CHIC,2011-11-01 00:00:00
544156,22064,12,2011-02-16 12:33:00,12352,19.8,PINK DOUGHNUT TRINKET POT,2011-02-01 00:00:00
574275,23089,12,2011-11-03 14:37:00,12352,23.4,GLASS BON BON JAR,2011-11-01 00:00:00
544156,22630,12,2011-02-16 12:33:00,12352,23.4,DOLLY GIRL LUNCH BOX,2011-02-01 00:00:00
547390,22413,6,2011-03-22 16:08:00,12352,17.700000000000006,METAL SIGN TAKE IT OR LEAVE IT,2011-03-01 00:00:00
C547388,22413,-6,2011-03-22 16:07:00,12352,-17.700000000000006,METAL SIGN TAKE IT OR LEAVE IT,2011-03-01 00:00:00
568699,22634,2,2011-09-28 14:58:00,12352,19.9,CHILDS BREAKFAST SET SPACEBOY,2011-09-01 00:00:00
574275,22624,2,2011-11-03 14:37:00,12352,17.0,IVORY KITCHEN SCALES,2011-11-01 00:00:00
567505,22980,12,2011-09-20 14:34:00,12352,19.8,PANTRY SCRUBBING BRUSH,2011-09-01 00:00:00
574275,23088,16,2011-11-03 14:37:00,12352,20.0,ZINC HEART FLOWER T-LIGHT HOLDER,2011-11-01 00:00:00
567505,22423,2,2011-09-20 14:34:00,12352,25.5,REGENCY CAKESTAND 3 TIER,2011-09-01 00:00:00
567505,22780,4,2011-09-20 14:34:00,12352,17.0,LIGHT GARLAND BUTTERFILES PINK,2011-09-01 00:00:00
568699,21756,3,2011-09-28 14:58:00,12352,18.75,BATH BUILDING BLOCK WORD,2011-09-01 00:00:00
568699,22550,4,2011-09-28 14:58:00,12352,15.0,HOLIDAY FUN LUDO,2011-09-01 00:00:00
568699,21731,12,2011-09-28 14:58:00,12352,19.8,RED TOADSTOOL LED NIGHT LIGHT,2011-09-01 00:00:00
544156,22780,4,2011-02-16 12:33:00,12352,17.0,LIGHT GARLAND BUTTERFILES PINK,2011-02-01 00:00:00
546869,22701,6,2011-03-17 16:00:00,12352,17.700000000000006,PINK DOG BOWL,2011-03-01 00:00:00
567505,22617,3,2011-09-20 14:34:00,12352,14.85,BAKING SET SPACEBOY DESIGN,2011-09-01 00:00:00
568699,23243,4,2011-09-28 14:58:00,12352,19.8,SET OF TEA COFFEE SUGAR TINS PANTRY,2011-09-01 00:00:00
544156,21756,3,2011-02-16 12:33:00,12352,17.85,BATH BUILDING BLOCK WORD,2011-02-01 00:00:00
574275,22668,5,2011-11-03 14:37:00,12352,14.75,PINK BABY BUNTING,2011-11-01 00:00:00
544156,21380,6,2011-02-16 12:33:00,12352,17.700000000000006,WOODEN HAPPY BIRTHDAY GARLAND,2011-02-01 00:00:00
574275,22178,6,2011-11-03 14:37:00,12352,11.7,VICTORIAN GLASS HANGING T-LIGHT,2011-11-01 00:00:00
547390,22784,3,2011-03-22 16:08:00,12352,14.85,LANTERN CREAM GAZEBO,2011-03-01 00:00:00
567505,22692,2,2011-09-20 14:34:00,12352,16.5,DOORMAT WELCOME TO OUR HOME,2011-09-01 00:00:00
568699,22720,3,2011-09-28 14:58:00,12352,14.85,SET OF 3 CAKE TINS PANTRY DESIGN,2011-09-01 00:00:00
544156,21754,3,2011-02-16 12:33:00,12352,17.85,HOME BUILDING BLOCK WORD,2011-02-01 00:00:00
547390,37448,12,2011-03-22 16:08:00,12352,17.88,CERAMIC CAKE DESIGN SPOTTED MUG,2011-03-01 00:00:00
546869,84050,12,2011-03-17 16:00:00,12352,19.8,PINK HEART SHAPE EGG FRYING PAN,2011-03-01 00:00:00
546869,22645,12,2011-03-17 16:00:00,12352,17.4,CERAMIC HEART FAIRY CAKE MONEY BANK,2011-03-01 00:00:00
546869,22413,6,2011-03-17 16:00:00,12352,17.700000000000006,METAL SIGN TAKE IT OR LEAVE IT,2011-03-01 00:00:00
547390,22701,6,2011-03-22 16:08:00,12352,17.700000000000006,PINK DOG BOWL,2011-03-01 00:00:00
546869,21914,12,2011-03-17 16:00:00,12352,15.0,BLUE HARMONICA IN BOX,2011-03-01 00:00:00
567505,22801,4,2011-09-20 14:34:00,12352,15.0,ANTIQUE GLASS PEDESTAL BOWL,2011-09-01 00:00:00
544156,22423,3,2011-02-16 12:33:00,12352,38.25,REGENCY CAKESTAND 3 TIER,2011-02-01 00:00:00
545323,22654,6,2011-03-01 14:57:00,12352,35.7,DELUXE SEWING KIT,2011-03-01 00:00:00
C547388,22645,-12,2011-03-22 16:07:00,12352,-17.4,CERAMIC HEART FAIRY CAKE MONEY BANK,2011-03-01 00:00:00
574275,22627,2,2011-11-03 14:37:00,12352,17.0,MINT KITCHEN SCALES,2011-11-01 00:00:00
547390,22645,12,2011-03-22 16:08:00,12352,17.4,CERAMIC HEART FAIRY CAKE MONEY BANK,2011-03-01 00:00:00
568699,21755,3,2011-09-28 14:58:00,12352,18.75,LOVE BUILDING BLOCK WORD,2011-09-01 00:00:00
567505,23245,4,2011-09-20 14:34:00,12352,19.8,SET OF 3 REGENCY CAKE TINS,2011-09-01 00:00:00
567505,84510A,10,2011-09-20 14:34:00,12352,12.5,SET OF 4 ENGLISH ROSE COASTERS,2011-09-01 00:00:00
568699,22780,4,2011-09-28 14:58:00,12352,17.0,LIGHT GARLAND BUTTERFILES PINK,2011-09-01 00:00:00
567505,37495,4,2011-09-20 14:34:00,12352,15.0,FAIRY CAKE BIRTHDAY CANDLE SET,2011-09-01 00:00:00
574275,21669,12,2011-11-03 14:37:00,12352,17.4,BLUE STRIPE CERAMIC DRAWER KNOB,2011-11-01 00:00:00
574275,23368,16,2011-11-03 14:37:00,12352,10.4,SET 12 COLOUR PENCILS DOLLY GIRL,2011-11-01 00:00:00
574275,23559,6,2011-11-03 14:37:00,12352,12.48,WOODLAND BUNNIES LOLLY MAKERS,2011-11-01 00:00:00
568699,23245,4,2011-09-28 14:58:00,12352,19.8,SET OF 3 REGENCY CAKE TINS,2011-09-01 00:00:00
C547388,22701,-6,2011-03-22 16:07:00,12352,-17.700000000000006,PINK DOG BOWL,2011-03-01 00:00:00
544156,21232,12,2011-02-16 12:33:00,12352,15.0,STRAWBERRY CERAMIC TRINKET BOX,2011-02-01 00:00:00
553900,37450,6,2011-05-19 17:47:00,12353,17.700000000000006,CERAMIC CAKE BOWL + HANGING CAKES,2011-05-01 00:00:00
553900,37446,8,2011-05-19 17:47:00,12353,11.6,MINI CAKE STAND WITH HANGING CAKES,2011-05-01 00:00:00
553900,37449,2,2011-05-19 17:47:00,12353,19.9,CERAMIC CAKE STAND + HANGING CAKES,2011-05-01 00:00:00
553900,22890,4,2011-05-19 17:47:00,12353,39.8,NOVELTY BISCUITS CAKE STAND 3 TIER,2011-05-01 00:00:00
550911,21240,32,2011-04-21 13:11:00,12354,27.2,BLUE POLKADOT CUP,2011-04-01 00:00:00
550911,22456,3,2011-04-21 13:11:00,12354,14.85,NATURAL SLATE CHALKBOARD LARGE,2011-04-01 00:00:00
550911,22623,3,2011-04-21 13:11:00,12354,17.85,BOX OF VINTAGE JIGSAW BLOCKS,2011-04-01 00:00:00
550911,21246,6,2011-04-21 13:11:00,12354,29.700000000000006,RED RETROSPOT BIG BOWL,2011-04-01 00:00:00
550911,22138,3,2011-04-21 13:11:00,12354,14.85,BAKING SET 9 PIECE RETROSPOT,2011-04-01 00:00:00
550911,23201,10,2011-04-21 13:11:00,12354,20.8,JUMBO BAG ALPHABET,2011-04-01 00:00:00
550911,23054,2,2011-04-21 13:11:00,12354,16.5,RECYCLED ACAPULCO MAT LAVENDER,2011-04-01 00:00:00
550911,22848,1,2011-04-21 13:11:00,12354,16.95,BREAD BIN DINER STYLE PINK,2011-04-01 00:00:00
550911,20675,8,2011-04-21 13:11:00,12354,10.0,BLUE POLKADOT BOWL,2011-04-01 00:00:00
550911,21217,2,2011-04-21 13:11:00,12354,19.9,RED RETROSPOT ROUND CAKE TINS,2011-04-01 00:00:00
550911,22839,1,2011-04-21 13:11:00,12354,14.95,3 TIER CAKE TIN GREEN AND CREAM,2011-04-01 00:00:00
550911,22661,10,2011-04-21 13:11:00,12354,8.5,CHARLOTTE BAG DOLLY GIRL DESIGN,2011-04-01 00:00:00
550911,21533,3,2011-04-21 13:11:00,12354,14.85,RETROSPOT LARGE MILK JUG,2011-04-01 00:00:00
550911,21890,6,2011-04-21 13:11:00,12354,19.5,S/6 WOODEN SKITTLES IN COTTON BAG,2011-04-01 00:00:00
550911,21922,2,2011-04-21 13:11:00,12354,15.9,UNION STRIPE WITH FRINGE  HAMMOCK,2011-04-01 00:00:00
550911,21380,6,2011-04-21 13:11:00,12354,17.700000000000006,WOODEN HAPPY BIRTHDAY GARLAND,2011-04-01 00:00:00
550911,22344,24,2011-04-21 13:11:00,12354,20.4,PARTY PIZZA DISH PINK POLKADOT,2011-04-01 00:00:00
550911,22631,12,2011-04-21 13:11:00,12354,23.4,CIRCUS PARADE LUNCH BOX,2011-04-01 00:00:00
550911,84997D,4,2011-04-21 13:11:00,12354,16.6,CHILDRENS CUTLERY POLKADOT PINK,2011-04-01 00:00:00
550911,21080,12,2011-04-21 13:11:00,12354,10.2,SET/20 RED RETROSPOT PAPER NAPKINS,2011-04-01 00:00:00
550911,21891,12,2011-04-21 13:11:00,12354,17.4,TRADITIONAL WOODEN SKIPPING ROPE,2011-04-01 00:00:00
550911,23256,4,2011-04-21 13:11:00,12354,16.6,CHILDRENS CUTLERY SPACEBOY,2011-04-01 00:00:00
550911,20725,10,2011-04-21 13:11:00,12354,16.5,LUNCH BAG RED RETROSPOT,2011-04-01 00:00:00
550911,20676,8,2011-04-21 13:11:00,12354,10.0,RED RETROSPOT BOWL,2011-04-01 00:00:00
550911,21244,32,2011-04-21 13:11:00,12354,54.08,BLUE POLKADOT PLATE,2011-04-01 00:00:00
550911,23205,10,2011-04-21 13:11:00,12354,8.5,CHARLOTTE BAG VINTAGE ALPHABET,2011-04-01 00:00:00
550911,23204,10,2011-04-21 13:11:00,12354,8.5,CHARLOTTE BAG APPLES DESIGN,2011-04-01 00:00:00
550911,22343,24,2011-04-21 13:11:00,12354,20.4,PARTY PIZZA DISH RED RETROSPOT,2011-04-01 00:00:00
550911,22629,12,2011-04-21 13:11:00,12354,23.4,SPACEBOY LUNCH BOX,2011-04-01 00:00:00
550911,21242,24,2011-04-21 13:11:00,12354,40.56,RED RETROSPOT PLATE,2011-04-01 00:00:00
550911,21243,32,2011-04-21 13:11:00,12354,54.08,PINK  POLKADOT PLATE,2011-04-01 00:00:00
550911,20749,2,2011-04-21 13:11:00,12354,15.9,ASSORTED COLOUR MINI CASES,2011-04-01 00:00:00
550911,22090,6,2011-04-21 13:11:00,12354,17.700000000000006,PAPER BUNTING RETROSPOT,2011-04-01 00:00:00
550911,20677,8,2011-04-21 13:11:00,12354,10.0,PINK POLKADOT BOWL,2011-04-01 00:00:00
550911,22635,2,2011-04-21 13:11:00,12354,19.9,CHILDS BREAKFAST SET DOLLY GIRL,2011-04-01 00:00:00
550911,22899,6,2011-04-21 13:11:00,12354,12.6,CHILDREN'S APRON DOLLY GIRL,2011-04-01 00:00:00
550911,21156,8,2011-04-21 13:11:00,12354,15.6,RETROSPOT CHILDRENS APRON,2011-04-01 00:00:00
550911,21731,12,2011-04-21 13:11:00,12354,19.8,RED TOADSTOOL LED NIGHT LIGHT,2011-04-01 00:00:00
550911,22983,24,2011-04-21 13:11:00,12354,10.08,CARD BILLBOARD FONT,2011-04-01 00:00:00
550911,21239,32,2011-04-21 13:11:00,12354,27.2,PINK  POLKADOT CUP,2011-04-01 00:00:00
550911,21238,24,2011-04-21 13:11:00,12354,20.4,RED RETROSPOT CUP,2011-04-01 00:00:00
550911,23052,2,2011-04-21 13:11:00,12354,16.5,RECYCLED ACAPULCO MAT TURQUOISE,2011-04-01 00:00:00
550911,22508,4,2011-04-21 13:11:00,12354,15.0,DOORSTOP RETROSPOT HEART,2011-04-01 00:00:00
550911,23010,1,2011-04-21 13:11:00,12354,16.95,CIRCUS PARADE BABY GIFT SET,2011-04-01 00:00:00
550911,21843,1,2011-04-21 13:11:00,12354,10.95,RED RETROSPOT CAKE STAND,2011-04-01 00:00:00
550911,22630,12,2011-04-21 13:11:00,12354,23.4,DOLLY GIRL LUNCH BOX,2011-04-01 00:00:00
550911,22180,2,2011-04-21 13:11:00,12354,19.9,RETROSPOT LAMP,2011-04-01 00:00:00
550911,22668,5,2011-04-21 13:11:00,12354,14.75,PINK BABY BUNTING,2011-04-01 00:00:00
550911,23008,1,2011-04-21 13:11:00,12354,16.95,DOLLY GIRL BABY GIFT SET,2011-04-01 00:00:00
550911,22384,10,2011-04-21 13:11:00,12354,16.5,LUNCH BAG PINK POLKADOT,2011-04-01 00:00:00
550911,22317,6,2011-04-21 13:11:00,12354,17.700000000000006,FIVE CATS HANGING DECORATION,2011-04-01 00:00:00
550911,22628,4,2011-04-21 13:11:00,12354,19.8,PICNIC BOXES SET OF 3 RETROSPOT,2011-04-01 00:00:00
552449,22649,8,2011-05-09 13:49:00,12355,39.6,STRAWBERRY FAIRY CAKE TEAPOT,2011-05-01 00:00:00
552449,72802C,6,2011-05-09 13:49:00,12355,25.5,VANILLA SCENT CANDLE JEWELLED BOX,2011-05-01 00:00:00
552449,72802A,6,2011-05-09 13:49:00,12355,25.5,ROSE SCENT CANDLE IN JEWELLED BOX,2011-05-01 00:00:00
552449,22423,2,2011-05-09 13:49:00,12355,25.5,REGENCY CAKESTAND 3 TIER,2011-05-01 00:00:00
552449,22697,6,2011-05-09 13:49:00,12355,17.700000000000006,GREEN REGENCY TEACUP AND SAUCER,2011-05-01 00:00:00
552449,22699,6,2011-05-09 13:49:00,12355,17.700000000000006,ROSES REGENCY TEACUP AND SAUCER,2011-05-01 00:00:00
552449,85040A,12,2011-05-09 13:49:00,12355,19.8,S/4 PINK FLOWER CANDLES IN BOWL,2011-05-01 00:00:00
552449,22698,6,2011-05-09 13:49:00,12355,17.700000000000006,PINK REGENCY TEACUP AND SAUCER,2011-05-01 00:00:00
